schemaVersion,recordType,content.company,content.role_title,content.role_family,content.date,content.is_remote,content.location,content.salary_range,collectedAt
1.0,JOB,Lingraphica,Human Resources Administrator,,2026-06-23T14:50:22+00:00,True,Remote,,2026-06-24T16:38:50.153255Z
1.0,JOB,Caterpillar Inc.,Junior Data Analyst,,2026-06-23T14:16:58+00:00,True,Remote,,2026-06-24T16:38:50.153259Z
1.0,JOB,CareTalk Health,Associate Product Manager,,2026-06-23T14:07:02+00:00,True,Remote,,2026-06-24T16:38:50.153262Z
1.0,JOB,StratifyIQ,Canva Design Specialist Real Estate,,2026-06-23T14:04:20+00:00,True,Remote,,2026-06-24T16:38:50.153265Z
1.0,JOB,Curaleaf International,Medical Secretary,,2026-06-23T13:41:58+00:00,True,Remote,,2026-06-24T16:38:50.153268Z
1.0,JOB,Rotaract Club of Singapore Management University (SMU),Business Analyst,,2026-06-23T13:21:11+00:00,True,Remote,,2026-06-24T16:38:50.153271Z
1.0,JOB,Colegio Cambridge International Education,Docente de EducaciÃ³n Infantil Virtual Ingles B1,,2026-06-23T12:32:03+00:00,True,Remote,,2026-06-24T16:38:50.153274Z
1.0,JOB,JazzUpCo,Marketing Assistant Fully,,2026-06-23T12:11:13+00:00,True,Remote,,2026-06-24T16:38:50.153276Z
1.0,JOB,KAST,VIP Relationship Manager,,2026-06-23T12:02:43+00:00,True,Remote,,2026-06-24T16:38:50.153280Z
1.0,JOB,Torentify,Virtual Assistant,,2026-06-23T08:27:29+00:00,True,Remote,,2026-06-24T16:38:50.153283Z
1.0,JOB,IPRS Health,MSK Physiotherapist Virtual,,2026-06-23T07:28:45+00:00,True,Remote,,2026-06-24T16:38:50.153286Z
1.0,JOB,RESOLUTE HR CONSULTING,Marketing Coordinator,,2026-06-23T05:20:02+00:00,True,Remote,,2026-06-24T16:38:50.153288Z
1.0,JOB,Altis Recruitment,Logistics Coordinator,,2026-06-23T05:07:28+00:00,True,Remote,,2026-06-24T16:38:50.153291Z
1.0,JOB,Slate Brands,Assistant Project Manager Fragrance,,2026-06-23T04:08:15+00:00,True,Remote,,2026-06-24T16:38:50.153294Z
1.0,JOB,NOPE,Head of Public Understanding,,2026-06-23T03:37:28+00:00,True,Remote,,2026-06-24T16:38:50.153297Z
1.0,JOB,N4 StudioÂ®,Freelance Website Copywriter Content Strategist,,2026-06-23T02:31:41+00:00,True,Remote,,2026-06-24T16:38:50.153300Z
1.0,JOB,24-MAG,Biology Research Expert â $65 $95 hour,,2026-06-23T02:19:19+00:00,True,Remote,,2026-06-24T16:38:50.153302Z
1.0,JOB,bina,Family Success Specialist,,2026-06-23T02:09:46+00:00,True,Remote,,2026-06-24T16:38:50.153305Z
1.0,JOB,YO IT Consulting,Data Analyst Excel,,2026-06-23T01:44:57+00:00,True,Remote,,2026-06-24T16:38:50.153308Z
1.0,JOB,Fairmont Hotels &amp; Resorts,Gardener,,2026-06-23T01:44:52+00:00,True,Remote,,2026-06-24T16:38:50.153311Z
1.0,JOB,EbizON,EbizON Content Writer II Dehradun,,2026-06-23T01:43:08+00:00,True,Remote,,2026-06-24T16:38:50.153313Z
1.0,JOB,Universia PerÃº,PRACTICANTE PRE PROFESIONAL DE RECURSOS HUMANOS,,2026-06-23T01:18:39+00:00,True,Remote,,2026-06-24T16:38:50.153316Z
1.0,JOB,Resonance CX Partners,Medical Scheduler,,2026-06-23T01:08:13+00:00,True,Remote,,2026-06-24T16:38:50.153318Z
1.0,JOB,Premera Blue Cross,Customer Service Representative,,2026-06-23T01:00:31+00:00,True,Remote,,2026-06-24T16:38:50.153321Z
1.0,JOB,nstech,Analista de Atendimento Jr Remoto,,2026-06-23T00:09:24+00:00,True,Remote,,2026-06-24T16:38:50.153324Z
1.0,JOB,Power Digital,Consumer Services Marketing Account Director,,2026-06-23T00:00:24+00:00,True,Remote,,2026-06-24T16:38:50.153327Z
1.0,JOB,Aretum,Capital Planning Investment Control Business Analyst Lead,,2026-06-23T00:00:03+00:00,True,Remote,,2026-06-24T16:38:50.153329Z
1.0,JOB,MedTech Innovator,Program Manager,,2026-06-22T23:59:41+00:00,True,Remote,,2026-06-24T16:38:50.153332Z
1.0,JOB,Aecon Group Inc.,Coordinator Proposals,,2026-06-22T22:42:39+00:00,True,Remote,,2026-06-24T16:38:50.153335Z
1.0,JOB,OsiLab,Architectural Draftsperson,,2026-06-22T21:37:46+00:00,True,Remote,,2026-06-24T16:38:50.153338Z
1.0,JOB,Karbon,Manager of People Operations,,2026-06-22T21:06:25+00:00,True,Remote,,2026-06-24T16:38:50.153341Z
1.0,JOB,Sivananda Ashram Yoga Retreat Bahamas,Handyman,,2026-06-22T20:11:54+00:00,True,Remote,,2026-06-24T16:38:50.153343Z
1.0,JOB,Salted,Business Analyst,,2026-06-22T19:46:11+00:00,True,Remote,,2026-06-24T16:38:50.153346Z
1.0,JOB,Vermont SportsCar,General Interest Applications,,2026-06-22T19:45:37+00:00,True,Remote,,2026-06-24T16:38:50.153348Z
1.0,JOB,Galin Education,College Counselor,,2026-06-22T19:43:31+00:00,True,Remote,,2026-06-24T16:38:50.153351Z
1.0,JOB,"Innovative Cleaning Services, LLC.",Labor,,2026-06-22T19:41:49+00:00,True,Remote,,2026-06-24T16:38:50.153354Z
1.0,JOB,FRED &amp; FARID,CREATIVE PRODUCER FREELANCE,,2026-06-22T18:45:09+00:00,True,Remote,,2026-06-24T16:38:50.153356Z
1.0,JOB,The Abaco Club,Houseman,,2026-06-22T18:24:14+00:00,True,Remote,,2026-06-24T16:38:50.153359Z
1.0,JOB,OnlineJobs.PH,NEW YOUTUBE VIDEO EDITOR,,2026-06-22T16:54:26+00:00,True,Remote,,2026-06-24T16:38:50.153362Z
1.0,JOB,Evio,Product Analyst Digital Health,,2026-06-22T16:24:39+00:00,True,Remote,,2026-06-24T16:38:50.153364Z
1.0,JOB,SpyCloud,Regional Sales Director EMEA,,2026-06-22T16:00:36+00:00,True,Remote,,2026-06-24T16:38:50.153367Z
1.0,JOB,Rescale,HPC Engineer Services,,2026-06-22T16:00:03+00:00,True,Remote,,2026-06-24T16:38:50.153369Z
1.0,JOB,Super League,Director Senior Director Sales New York,,2026-06-22T15:30:47+00:00,True,Remote,,2026-06-24T16:38:50.153371Z
1.0,JOB,Celsius Studios,Freelance Designer,,2026-06-22T14:47:11+00:00,True,Remote,,2026-06-24T16:38:50.153374Z
1.0,JOB,Celsius Studios,Art Director,,2026-06-22T14:47:03+00:00,True,Remote,,2026-06-24T16:38:50.153376Z
1.0,JOB,PiXL,Events Co ordinator,,2026-06-22T14:06:34+00:00,True,Remote,,2026-06-24T16:38:50.153378Z
1.0,JOB,Marz,Video Editor,,2026-06-22T13:49:46+00:00,True,Remote,,2026-06-24T16:38:50.153381Z
1.0,JOB,INFUSE,Project Coordinator,,2026-06-22T13:13:40+00:00,True,Remote,,2026-06-24T16:38:50.153383Z
1.0,JOB,Creative Cove Inc.,Graphic Designer,,2026-06-22T13:09:19+00:00,True,Remote,,2026-06-24T16:38:50.153385Z
1.0,JOB,HCLTech,IMRO,,2026-06-22T12:45:37+00:00,True,Remote,,2026-06-24T16:38:50.153388Z
1.0,JOB,Divisions Maintenance Group,District Manager Denver North,,2026-06-22T12:20:13+00:00,True,Remote,,2026-06-24T16:38:50.153390Z
1.0,JOB,Orchestrate Consulting Group,Administrative Assistant,,2026-06-22T12:05:32+00:00,True,Remote,,2026-06-24T16:38:50.153392Z
1.0,JOB,YO HR Consultancy,Data Analyst,,2026-06-22T12:03:21+00:00,True,Remote,,2026-06-24T16:38:50.153395Z
1.0,JOB,Rentokil Initial,Service Planner Guwahati,,2026-06-22T11:24:10+00:00,True,Remote,,2026-06-24T16:38:50.153397Z
1.0,JOB,Eneso - Your Digital Partner,Freelance Designer,,2026-06-22T10:56:03+00:00,True,Remote,,2026-06-24T16:38:50.153400Z
1.0,JOB,CoTrain,Executive Assistant Fully,,2026-06-22T10:07:40+00:00,True,Remote,,2026-06-24T16:38:50.153402Z
1.0,JOB,Woolworths Group,Baker,,2026-06-22T09:03:07+00:00,True,Remote,,2026-06-24T16:38:50.153405Z
1.0,JOB,Re.Group,FEL Operator,,2026-06-22T08:51:42+00:00,True,Remote,,2026-06-24T16:38:50.153407Z
1.0,JOB,Hunt St,Digital Marketing Manager,,2026-06-22T08:00:02+00:00,True,Remote,,2026-06-24T16:38:50.153409Z
1.0,JOB,Recruit Lytics Hires,Human Resources Assistant,,2026-06-22T06:12:58+00:00,True,Remote,,2026-06-24T16:38:50.153412Z
1.0,JOB,Recruit Lytics Hires,Customer Support,,2026-06-22T06:01:00+00:00,True,Remote,,2026-06-24T16:38:50.153414Z
1.0,JOB,Recruit Lytics Hires,Entry Level Administrative Assistant,,2026-06-22T05:59:03+00:00,True,Remote,,2026-06-24T16:38:50.153417Z
1.0,JOB,Recruit Lytics Hires,Data Entry Specialist Assistant Administrator,,2026-06-22T05:58:04+00:00,True,Remote,,2026-06-24T16:38:50.153419Z
1.0,JOB,Recruit Lytics Hires,Virtual Executive Assistant,,2026-06-22T05:57:33+00:00,True,Remote,,2026-06-24T16:38:50.153421Z
1.0,JOB,iConsultera,Data Analyst,,2026-06-22T02:05:03+00:00,True,Remote,,2026-06-24T16:38:50.153425Z
1.0,JOB,YO IT Consulting,English Language Expert,,2026-06-22T01:44:19+00:00,True,Remote,,2026-06-24T16:38:50.153427Z
1.0,JOB,Blackstone Talent Group,Marketing Coordinator,,2026-06-22T01:09:51+00:00,True,Remote,,2026-06-24T16:38:50.153429Z
1.0,JOB,Made Card,Director of Credit Risk,,2026-06-22T00:00:03+00:00,True,Remote,,2026-06-24T16:38:50.153432Z
1.0,JOB,Garage Beer,Area Sales Manager Chicago,,2026-06-22T00:00:00+00:00,True,Remote,,2026-06-24T16:38:50.153434Z
1.0,JOB,Garage Beer,Area Sales Manager Michigan,,2026-06-22T00:00:00+00:00,True,Remote,,2026-06-24T16:38:50.153437Z
1.0,JOB,Format,Digital Marketing Designer,,2026-06-22T00:00:00+00:00,True,Remote,,2026-06-24T16:38:50.153456Z
1.0,JOB,Buffalo Games,Amazon Forecasting Analyst,,2026-06-21T23:09:14+00:00,True,Remote,,2026-06-24T16:38:50.153459Z
1.0,JOB,Helic & Co,Junior Supply Chain Analyst,,2026-06-21T23:07:58+00:00,True,Remote,,2026-06-24T16:38:50.153462Z
1.0,JOB,Virtana Corp.,Executive Assistant,,2026-06-21T23:05:06+00:00,True,Remote,,2026-06-24T16:38:50.153464Z
1.0,JOB,MILLENNIUM GLOBAL SERVICE,Hiring For Air Ticketing Executive Ground Staff,,2026-06-21T18:30:00+00:00,True,Remote,,2026-06-24T16:38:50.153467Z
1.0,JOB,Omada.ai,Outside Sales Representative,,2026-06-21T16:00:06+00:00,True,Remote,,2026-06-24T16:38:50.153469Z
1.0,JOB,Edirq,Operations Roles,,2026-06-21T13:45:07+00:00,True,Remote,,2026-06-24T16:38:50.153472Z
1.0,JOB,å¤§ä¼æ±½è½¦ï¼ä¸­å½ï¼,æ°åªä½è¿è¥çº¿ä¸,,2026-06-21T07:42:24+00:00,True,Remote,,2026-06-24T16:38:50.153475Z
1.0,JOB,Cardiovascular Associates of America - CVAUSA,Research and Quality Assistant,,2026-06-21T06:02:20+00:00,True,Remote,,2026-06-24T16:38:50.153481Z
1.0,JOB,Steward,Members Don't Join for Dollar Value,,2026-06-21T05:25:28+00:00,True,Remote,,2026-06-24T16:38:50.153483Z
1.0,JOB,Steward,Differentiating Membership Offers,,2026-06-21T05:24:44+00:00,True,Remote,,2026-06-24T16:38:50.153486Z
1.0,JOB,Houseink Studio,Freelance Designer,,2026-06-21T02:05:46+00:00,True,Remote,,2026-06-24T16:38:50.153489Z
1.0,JOB,bdManagedIT,Director of Operations MSP Service Delivery,,2026-06-21T00:00:00+00:00,True,Remote,,2026-06-24T16:38:50.153491Z
1.0,JOB,Mississippi Army National Guard Biloxi Office,TRANSPORT,,2026-06-20T19:35:22+00:00,True,Remote,,2026-06-24T16:38:50.153493Z
1.0,JOB,Mississippi Army National Guard Biloxi Office,CYBER,,2026-06-20T19:32:34+00:00,True,Remote,,2026-06-24T16:38:50.153496Z
1.0,JOB,NeuLife Rehabilitation,CHRO,,2026-06-20T19:19:21+00:00,True,Remote,,2026-06-24T16:38:50.153498Z
1.0,JOB,Viajes Marchante,Agente de Viajes Online,,2026-06-20T19:00:36+00:00,True,Remote,,2026-06-24T16:38:50.153500Z
1.0,JOB,Twine,Social Media Manager Fashion Brand,,2026-06-20T18:07:39+00:00,True,Remote,,2026-06-24T16:38:50.153503Z
1.0,JOB,Valpak of Southeastern Wisconsin,Corporate,,2026-06-20T15:52:25+00:00,True,Remote,,2026-06-24T16:38:50.153505Z
1.0,JOB,OWL Services,Data Analyst Data Warehouse Analytics and BI,,2026-06-20T15:37:57+00:00,True,Remote,,2026-06-24T16:38:50.153507Z
1.0,JOB,Agency MJ,Retoucher,,2026-06-20T15:22:29+00:00,True,Remote,,2026-06-24T16:38:50.153510Z
1.0,JOB,Vena Solutions,Sales Development Representative,,2026-06-20T15:14:58+00:00,True,Remote,,2026-06-24T16:38:50.153512Z
1.0,JOB,GEA PerÃº,Sin experiencia Remoto AtenciÃ³n al cliente,,2026-06-20T13:08:06+00:00,True,Remote,,2026-06-24T16:38:50.153515Z
1.0,JOB,Twine,Content Creator UGC,,2026-06-20T12:03:45+00:00,True,Remote,,2026-06-24T16:38:50.153517Z
1.0,JOB,Eaton,Manufacturing Operator I,,2026-06-20T09:16:17+00:00,True,Remote,,2026-06-24T16:38:50.153520Z
1.0,JOB,Haystack,Scrum Master,,2026-06-20T07:56:09+00:00,True,Remote,,2026-06-24T16:38:50.153522Z
1.0,JOB,BuscarVagas - Empregos Brasil,Operador de Portaria Remota Salvador BA,,2026-06-20T07:39:41+00:00,True,Remote,,2026-06-24T16:38:50.153530Z
1.0,JOB,Seddiqi Holding,Watch Technician,,2026-06-20T06:31:00+00:00,True,Remote,,2026-06-24T16:38:50.153533Z
